Date,台泥,統一,台塑,南亞,台化,中鋼,和泰車,聯電,台達電,鴻海,國巨,台積電,華碩,瑞昱,廣達,研華,南亞科,友達,中華電,聯發科,長榮,陽明,萬海,彰銀,華南金,富邦金,國泰金,開發金,玉山金,元大金,兆豐金,台新金,中信金,第一金,統一超,大立光,聯詠,欣興,台灣大,遠傳,台塑化,南電,豐泰
2010/01,98271,133291,407652,471138,394350,425572,38178,208456,714324,1153866,24473,1593068,263300,41876,242644,33549,89968,316450,619723,566861,56658,29468,33803,89727,116351,304289,524162,99609,43834,165283,191328,73377,164228,113107,76412,55936,56174,60426,235277,126430,766840,85419,13582
2010/02,97448,138747,423567,498621,412559,421643,35775,200663,664971,1089524,24143,1523128,240368,40064,249373,33497,81585,291292,579869,550510,58802,28956,34331,87864,125446,288882,499984,97926,43468,147458,196305,57497,163289,109000,78387,55467,53792,55474,228436,124475,773508,79430,13336
2010/03,98601,140891,428463,508829,422802,430155,38287,218846,636398,1179603,27216,1593082,234847,40875,234671,34994,103893,318656,602172,600655,57271,30493,37711,89416,121996,314109,512556,100955,46938,154345,203493,68677,168920,110264,82338,64052,58985,63057,227295,123823,797323,79430,14807
2010/04,93169,136604,428463,519822,452393,438666,48064,207807,654581,1273971,33142,1600930,259053,40875,226276,36491,94875,323070,596354,582166,61711,33056,41303,87864,116038,313382,488379,99272,51139,152725,203493,64951,167043,109632,93566,69753,64645,73579,228816,124638,788749,83213,16720
2010/05,90041,129394,395410,415387,409145,400038,42602,196117,702635,1068077,31057,1559482,205119,36964,222078,34942,90604,277611,600232,570174,55892,33568,37500,79481,112588,298730,458883,92318,46756,137736,187457,60692,156251,105209,95125,71094,55410,73811,232617,124963,740167,85419,14955
2010/06,89876,138747,416221,405964,421664,390217,42657,186377,745495,977998,28753,1569844,152565,33911,224202,34116,86659,254219,619626,493318,62630,42153,42042,91590,116351,293847,464686,97253,48034,140572,191328,66548,166574,112792,98868,69216,51895,73347,249721,129362,742072,82897,14783
2010/07,98107,148296,409488,442870,396626,410572,43640,184428,787056,1106682,31387,1616485,153839,34865,222289,35458,74312,267901,658413,476794,72959,53171,45634,104940,125132,320139,487412,103198,54244,145028,211788,76131,180181,119110,109160,82094,50465,82477,240218,145329,708731,82582,15020
2010/08,96955,158839,434584,485272,405162,409895,48009,168843,768873,1091721,27546,1525922,136003,30725,186271,37471,62825,244068,635141,480101,65416,48687,43310,113012,124405,319625,468119,99308,54577,147458,214000,77414,179132,119821,123195,77533,45522,78453,239458,135228,684916,64303,15176
2010/09,109959,173844,469473,537097,429631,436951,48828,179883,785757,1135197,29613,1606255,140452,35045,194325,42426,72609,285996,678777,482870,68033,51377,45950,129778,134331,329069,484874,102592,61613,153940,232248,82732,196597,134070,139829,79813,52731,84798,245160,142559,766840,75540,16527
2010/10,107325,170628,537415,535527,499623,420041,48610,188974,748092,1120705,28732,1627024,155813,35239,215426,43149,62998,269666,694291,423477,78584,59705,47535,125431,133669,321000,475735,102932,59902,155966,235013,79186,190609,130832,126314,81423,53176,80620,258843,143537,793512,78037,16527
2010/11,115750,180703,555166,533171,513850,424100,48446,196117,728611,1048245,29173,1642613,165219,34608,229628,40933,63739,269225,717564,429529,79628,61884,47957,125742,130029,318537,467611,99761,59522,151104,223953,78891,183124,132127,127874,90679,58063,86036,259603,140116,803991,67424,16631
2010/12,121103,185419,596788,570862,558804,453185,48719,211703,733806,1135197,31595,1839616,173683,33783,234671,41385,65562,267459,718533,459237,94683,72390,54190,160825,160800,342562,524984,145509,76256,176626,248284,101941,213562,173903,139829,97252,56308,87893,264924,137835,942117,67736,17021
2011/01,115750,171057,607806,632110,603190,457243,48337,235081,683154,1207656,33576,1977112,164278,33201,236011,44996,74438,255543,691964,435589,96121,75080,51338,153374,156499,347846,548339,151171,75496,190816,261002,99888,247492,172931,128913,106775,57914,93618,260363,141745,897345,68361,16839
2011/02,108550,161840,609030,672942,574738,453185,47354,200014,583148,1053076,32365,1826847,168667,28250,223019,41034,63948,237448,683431,367392,82682,64318,42887,135677,138963,321916,481320,129090,69220,164078,237225,90729,231525,156415,128393,108788,54461,85107,252762,138486,854479,66176,16320
2011/03,131072,172772,633514,680794,634488,475506,47244,198715,493533,995109,31595,1829542,157031,25629,213087,45649,61931,226855,710582,371792,77204,58937,43521,146544,145580,334871,492997,132018,70361,171370,256026,98418,249488,163216,135671,106775,51976,76930,263024,143374,919255,54751,16008
2011/04,154887,176630,716146,689432,657250,478888,49047,192870,490936,1048245,34182,1896926,159190,27667,216954,47555,58501,202581,706703,348143,83678,62140,46267,155237,151536,360221,485381,133689,77207,161242,276486,99605,261963,171960,163221,121933,52517,72545,280888,141582,957359,58434,16346
2011/05,153964,176845,673299,625828,623107,464007,51832,192221,490936,970955,34513,1987626,185105,31211,249977,46251,47205,207877,726097,351993,84467,63934,46584,153064,149220,358934,473704,130347,80250,160027,270956,101674,254478,159654,170498,126494,58819,81546,294192,145003,966885,72106,15722
2011/06,158025,178345,633514,601486,608881,468065,58987,186060,519509,951633,28779,1871011,175850,26891,261130,48959,32680,173010,766436,343193,72943,55862,45950,146544,147565,378705,451364,129790,77587,161242,277592,100787,249488,153825,172577,123409,55533,78623,295712,149239,962122,68048,14267
2011/07,168363,202782,664118,625828,594654,427607,77011,169413,435088,879713,25802,1865847,174640,25532,272667,53800,26951,139026,775745,284344,62365,47149,42781,154318,150212,403369,447444,123105,75876,166914,306899,97406,259468,183204,191810,130116,48452,78930,301413,155268,1033567,62309,13929
2011/08,143072,194272,551493,542594,501331,473956,74553,147835,358461,783511,20443,1798500,184426,22269,225438,46075,21222,121813,774969,320643,58733,39846,36158,145181,141338,372214,383228,106418,77546,150373,289348,82858,236515,170939,192330,111202,45636,64544,298753,151194,805896,61666,12993
2011/09,121473,181320,500078,520607,452962,449882,70457,149144,363656,739685,18988,1814060,173888,25542,228526,44916,15735,109897,787381,371242,54186,33684,32165,119123,129414,289341,364584,103831,69083,137105,240841,75268,194698,151776,180374,96178,42937,66852,284689,148262,799228,53823,13019
2011/10,139749,189955,544760,533171,497916,449882,72096,174657,313004,890402,20090,1907369,158456,24951,230068,45468,12063,116076,779623,364909,57659,35234,34938,132659,138533,321619,374424,108218,68854,172781,263402,81593,213419,154458,174656,91349,44779,60775,294876,161133,901156,57056,13591
2011/11,120180,187228,486000,433447,440443,437845,89300,170091,363656,851921,19120,1933375,153939,21555,226616,45523,35081,124020,772642,320731,50539,32415,28061,109985,140875,274271,315904,96069,57645,147741,219972,68943,177047,131845,155423,64723,44105,49312,329084,185735,892582,44004,13513
2011/12,129226,201088,494569,471923,454669,433331,79469,166172,371449,886126,17290,1964450,162220,21826,244687,46341,33743,114752,775745,318437,53144,34106,32498,111339,134304,289227,338691,96406,59704,154752,227868,66413,202187,136061,171538,75923,45690,54774,322927,185409,893535,39739,13617
2012/01,136241,198589,527622,490769,483690,440854,83565,202824,393528,1018671,20068,2034447,176146,26969,242944,49579,35824,139467,746266,324188,57486,36643,36602,113369,138000,297924,349566,98881,63593,167272,228996,69576,204326,139128,165300,85313,50658,59929,306164,185735,879246,45102,13747
2012/02,139380,204724,563123,566936,523523,458909,108963,202900,363656,1095632,21788,2101930,207762,30709,279540,54822,61987,140350,701273,345419,71553,48200,38044,121830,143340,312624,358370,112043,73658,173783,258326,75901,228254,144493,161661,88398,53049,59236,309243,201049,923065,47752,14526
2012/03,127565,185637,531907,523748,490519,453643,129991,186931,348071,1223901,19561,2200659,209644,26526,297282,56768,46230,120489,705152,324190,70541,44395,37489,114046,138822,300736,348012,101243,74115,153749,235201,74636,211706,136061,170498,77801,54204,56313,307533,197139,876388,41742,14656
2012/04,128672,206542,508035,472708,481983,437092,101589,197949,344174,987672,18525,2249918,222064,31201,295412,54949,37014,115634,709031,290338,59769,34952,32831,109647,133072,275857,320047,83245,70913,140227,260582,71473,212847,134145,163221,62241,53360,51159,322242,206915,865910,35345,14474
2012/05,124611,204042,478043,411460,449547,421294,106778,169486,380540,935296,19892,2205852,225075,29233,300028,56500,36865,107690,699722,302962,50908,34811,31500,104909,134715,268609,302957,108421,68625,131713,234073,70841,190022,133762,163740,75655,53420,49620,323269,216364,776366,31501,14448
2012/06,130518,216312,488448,419313,446133,421294,105413,166898,393528,955605,19274,2107354,204374,26624,305441,54921,37460,106366,729200,313293,55947,37630,32387,106263,135125,270115,302957,101771,69998,135720,246481,72106,194016,132995,164780,82899,55122,52005,336952,210825,770650,32502,15020
2012/07,128857,229036,508035,459359,451823,407011,109782,163098,409113,904298,17863,2099600,209644,25640,301634,59542,28392,82003,698170,292638,57337,34670,32942,110324,139643,285729,307618,101771,75259,140227,274683,77166,205429,140277,163221,82496,52841,51851,338662,246343,828758,29530,15605
2012/08,120180,233156,493957,442084,439873,391739,117975,155403,370150,1003681,19010,2159272,225075,28131,297437,58233,30027,80238,702049,431798,55599,33684,33718,111891,138863,283381,310750,102639,80339,139225,258194,78907,204287,140975,165820,83569,58221,52390,379712,240477,813517,31016,15524
2012/09,134026,252849,512932,461715,448409,408539,114425,158006,422101,1088900,19649,2327800,239754,28979,299750,60016,31917,93567,728424,417630,53688,34388,36491,115150,141882,303909,342260,104807,79858,154250,258766,77873,219781,147475,163221,81423,63972,53774,366029,236241,839237,30919,17237
2012/10,138272,250904,487224,404393,393781,383339,113605,140527,413009,1049841,18657,2299349,235614,27433,257064,56775,26131,97980,710582,437871,52298,32133,31722,106821,132394,285862,318899,94399,73407,132214,243309,72016,199914,134881,150225,83435,66494,46004,348925,219623,809707,21679,17559
2012/11,140487,252362,468249,403608,391504,406248,117428,145708,398723,1103103,19561,2558670,241260,29228,280943,61054,24264,109014,728424,445970,59421,34529,36047,114063,141882,314564,336284,102494,80422,147238,260483,76150,209227,144225,154904,106507,70840,48620,357477,237219,841142,22293,17773
2012/12,143626,259170,481103,439729,426785,417702,127260,151539,392229,1052208,20333,2514670,245776,30575,262879,69090,59898,114752,733079,436524,60290,39180,37156,115512,144901,334684,342260,109867,81424,149742,258766,79596,212952,143819,161661,104361,71191,47389,366029,241455,819232,23197,18683
2013/01,147318,251876,490897,471138,456376,425338,128625,148960,336382,998947,19142,2631458,254433,33019,265216,69705,65648,106366,729200,435852,64460,40167,35715,118046,147057,359952,357471,123812,84681,160259,276513,80630,209848,146256,165820,103690,71263,45389,359187,244713,810659,23779,19218
2013/02,140487,269867,459068,446796,430200,415411,123436,143780,337681,966990,19892,2709305,270994,35214,243661,74557,68283,113869,715237,450022,65850,39603,35604,125651,149644,381407,408538,133978,88940,153749,279948,83387,241320,153569,170498,107312,75218,43389,354056,223859,785892,21937,20690
2013/03,138457,275216,440093,420883,391504,397848,136272,145082,337681,985928,21259,2605787,269112,34665,256033,69238,92003,116517,719891,461492,62202,39039,35271,128547,149213,408105,444938,129729,89942,150439,276513,86144,244070,152351,172577,105032,78559,47928,347214,224185,739214,21194,24732
2013/04,144733,282510,438257,461715,393212,397084,143918,142359,340278,901893,20598,2839149,258573,42396,235110,79705,155737,119606,727648,485787,59943,37348,36602,122030,147919,401907,431356,123812,89190,148406,260483,88211,246133,147475,189211,108117,87355,47851,367739,234286,764935,21840,26043
2013/05,145656,287858,425403,480561,401747,388685,189797,167034,319498,907811,22604,2839149,248787,37957,249756,83097,144961,132815,740836,501980,58205,36080,36269,123116,151369,378546,423750,133438,92698,164236,275941,88901,263321,147475,192330,130518,92511,50005,374581,232983,743977,27397,26338
2013/06,136241,283968,443766,496265,418250,374939,176416,183485,276638,875854,22384,2878042,194212,35413,250527,80885,140410,104904,791259,470269,56989,35093,34273,119857,144901,389511,444394,126526,91696,154342,260483,90968,255070,144225,204286,128774,88332,44158,405369,262309,728736,25297,26980
2013/07,135318,297583,479977,494695,437244,382554,181331,169307,284431,920830,22163,2657651,197223,35812,269042,82113,92249,102017,743939,485787,58379,35939,35604,124564,150507,430835,489122,127728,100214,154837,286818,96138,272258,151132,232356,139506,80480,42389,372871,248949,743977,24231,33794
2013/08,145841,280905,474884,464746,455414,390267,161669,156076,288327,961072,21965,2605796,179533,33529,243225,86115,84582,113566,733854,495236,58727,36925,35936,125535,147617,419578,475660,123404,104685,148406,261628,96830,277339,149706,217281,140176,75632,37388,369450,246668,723973,21130,35019
2013/09,158025,283998,485706,493297,460689,400294,175870,160530,280535,996469,16209,2605803,177275,36457,247128,93826,107824,106829,734630,493230,60812,38194,37600,133671,153051,418554,472294,127763,105790,149890,277658,102534,283960,153167,221959,133469,74499,38773,359187,240151,740167,24619,39528
2013/10,157840,288636,507986,531365,497615,394124,191163,158015,338979,978089,15422,2839171,169371,34539,268737,107038,97521,93644,733854,542530,60117,36784,35160,136383,157579,440045,530048,131821,108552,158300,316226,111723,292788,157494,222479,134140,70892,35773,343794,219949,754456,25588,42924
2013/11,172978,272143,495255,513917,488823,392581,187886,156129,361058,1024039,15746,2722496,193489,36205,254230,103970,97281,88832,719891,588462,60812,36643,34273,140645,155768,432881,556371,129717,109657,158794,309378,109884,284696,155330,218321,141518,72717,33772,331479,206589,768745,23456,42201
2013/12,170763,276782,512442,546434,492340,416491,200994,156777,381839,1051609,16595,2735469,199060,40396,268453,117581,96083,91623,722218,598598,63244,39321,34384,142195,157579,446185,577309,135278,109381,176108,312491,110288,299409,160523,214682,162980,74238,34772,329426,213432,779223,24102,39807
2014/01,163563,257711,496528,524227,465378,401836,200721,156798,372747,1114627,27944,2722509,209458,41911,289697,107823,119805,86714,712909,540565,61854,37066,32720,139096,154862,437998,546201,132927,108640,166709,304398,108048,294259,156629,211563,156273,73934,35696,303770,194532,725878,23327,38136
2014/02,178332,260804,490162,514710,451897,396437,203179,156171,354565,1102811,32303,2800337,216515,45446,287766,109294,114054,99130,713685,699040,62549,36643,31389,137933,157579,433393,534834,132325,109792,157310,301286,114431,287638,156196,195449,180418,84583,32926,311638,200072,741120,23779,42423
2014/03,173532,273174,485069,511538,431383,395666,200994,163198,376644,1133007,31231,3072601,223942,46355,316735,112862,97042,103461,726873,706160,61854,36080,32609,139871,156221,422648,531244,130972,105758,151869,293816,110877,280282,156629,223519,193162,84887,37696,326347,210173,738262,23553,49661
2014/04,176855,263381,495255,524227,427867,391039,193347,165817,406515,1136946,32127,3072631,231741,43476,319826,111456,118607,109716,730751,741522,59595,34811,33385,135996,153957,399111,509707,130070,117957,148901,287591,110088,264098,153167,233395,252854,84887,39465,333189,212780,723020,27494,46487
2014/05,164671,270597,488252,534537,421419,379469,191163,178524,429893,1213092,39515,3098560,245854,46708,311714,126888,198637,110198,744715,765087,59769,35798,32387,141033,166183,441580,549192,137137,127975,154837,311868,119731,281017,160955,257826,262914,93406,42389,338320,221904,698253,31016,47545
2014/06,166886,276266,507986,570226,443106,387182,208094,189959,416906,1312871,46735,3280066,247339,47768,336049,145799,184512,121747,746266,793366,56642,33825,33940,143358,169352,441580,558165,147663,123774,159784,309378,122992,292788,166147,248470,319253,89451,44466,316085,221578,741120,34570,47155
2014/07,165594,295852,492072,555951,429625,400294,213556,178703,432491,1358821,44646,3137454,237683,48425,326006,134710,191706,131371,709806,736861,60336,35234,35049,152656,175239,486096,633186,150069,129591,166215,329298,129454,310443,176964,248989,312546,93711,39004,314717,203005,730641,30370,48158
2014/08,175378,298852,493345,559123,436072,405959,229668,173674,431192,1508927,54982,3215242,232484,55040,326006,160627,194102,142920,720667,784854,63466,37912,43590,147015,173034,499400,640724,151873,138591,163271,321205,134362,320007,171296,235474,331997,93406,38850,326005,207566,719210,35862,49563
2014/09,167256,288472,458970,528193,412041,409106,226118,160331,441582,1420167,48673,3111525,215400,54535,298195,135472,145473,123672,711358,707936,62075,37348,48359,147410,165571,477909,622507,143310,130128,152116,310623,125996,312011,169907,226638,292425,91581,34926,315743,189971,703016,31630,49042
2014/10,171502,285193,446875,498849,414972,412253,243050,170518,422101,1420167,31458,3383804,230256,50748,295105,133121,156358,138589,719115,680439,62423,39180,49801,151362,167903,526007,628161,149754,135770,155158,313736,128263,324980,173148,237034,286389,95536,35926,337636,219297,679201,27236,45452
2014/11,167809,273174,451968,513917,410283,410680,265170,174987,444180,1434960,34396,3669037,250310,52010,297422,133803,176910,140514,721442,730733,63814,38053,60560,145039,166504,518844,626904,152058,138239,154144,313736,126962,321166,174074,250549,319924,106489,35080,336610,218320,666817,26137,51763
2014/12,160240,274266,460243,519469,392113,413827,259708,187763,451972,1300340,34062,3656082,257366,53525,305920,148019,196070,155913,729200,726029,77898,48130,61558,143458,165571,518844,589843,154979,138591,156172,304398,115526,313537,172685,254188,321265,108315,37157,357477,237871,654433,26913,55700
2015/01,157287,275906,486979,503607,397388,420121,247965,196142,414308,1282588,38003,3656125,246968,49031,297422,150270,185087,166499,740836,759060,77898,49530,73758,141087,163706,514750,571626,159613,136828,154144,301286,114662,306671,170833,252628,354130,106794,33695,355767,251556,640144,28819,68612
2015/02,158579,288472,493345,540882,412627,410680,261074,203858,415607,1288506,39806,3902471,242511,49687,306693,151543,190240,159281,761781,743345,80158,49849,77640,145830,167903,573082,600521,167350,138239,161243,310623,119104,318877,171759,253668,359495,102838,32541,367739,252860,655386,28625,75850
2015/03,162825,286286,483160,551192,420833,409106,264078,197619,432491,1355076,43666,3772859,233969,50495,292015,150617,191805,151582,771866,665562,80854,53963,85626,143063,166971,575128,628161,166584,139827,159722,323073,117790,317351,172222,244831,361507,98579,31234,374581,246017,652528,33148,109142
2015/04,160979,274813,502257,598777,458345,405173,290021,186171,433790,1360993,42786,3811766,241768,48475,297422,160090,166588,148695,767987,620773,72508,48221,75422,148201,175832,676441,674644,196523,153335,181018,339880,124440,364649,178704,235994,413151,97970,28156,369450,238196,752551,35345,109721
2015/05,153964,298852,479340,575778,440175,399665,270086,177245,428595,1501207,39401,3785835,224314,47314,300899,156301,162703,162169,752472,651419,61379,37405,64996,141878,172101,646764,689720,186523,152604,182539,342370,117797,355495,175000,230796,458759,101926,25772,369450,237545,715400,33665,95246
2015/06,143810,298852,462153,574191,434900,387864,238680,166494,436387,1469395,32767,3643218,223199,39942,281972,133918,125557,131371,763333,663207,55641,32448,54348,139902,165571,628343,677157,177424,150414,174334,346105,113826,370752,175000,225598,472844,90668,24387,352346,243084,754456,26267,103642
2015/07,126272,303769,445602,511538,438417,355608,221202,143529,405217,1373960,30465,3617288,211687,31357,235620,134585,83178,97205,760230,521766,53212,32598,58674,139506,167437,589456,640724,157726,152673,156587,336145,110737,349392,194839,238593,429919,69675,22925,357477,240803,709684,20871,102194
2015/08,128672,329557,456424,470298,407939,306830,195532,137150,389631,1401228,30372,3345019,219857,29489,230985,130794,97507,101055,766436,394467,50051,31396,49690,133626,152557,572058,589215,142409,155456,139804,303776,101002,323265,180512,226118,405103,66328,19386,334557,232657,694442,20290,115100
2015/09,123134,323875,441782,440954,391527,302109,191163,137788,389631,1369025,33242,3370949,209830,28176,220556,142167,88643,93451,766436,382680,48646,28572,45919,137009,151566,524984,564716,134220,153865,130698,283856,103218,279558,171917,213123,343398,62677,19233,343794,231354,745883,20807,121959
2015/10,133657,312511,480613,513124,436658,309190,208367,151822,368851,1385019,33427,3539497,216143,34387,214376,147538,97264,92104,773417,399968,50929,29714,47804,142929,155034,539311,582933,132703,155456,137126,295061,112967,322278,180512,224558,340045,67545,22002,350635,229398,753503,21291,111224
2015/11,108735,305692,469155,464746,413800,285588,192801,151184,349370,1313616,32710,3604323,200545,34034,196994,135532,103821,84116,774193,409397,45485,24336,37267,135317,151071,532147,573511,127547,156251,132305,305996,102780,308737,174209,217281,337362,72109,22848,337294,223859,735404,20968,107049
2015/12,100796,311943,490162,483780,433728,282441,207548,154373,367552,1263574,34665,3708044,202031,39740,204719,133637,125609,93644,768763,392896,46539,26109,40484,132780,151071,460512,581677,124376,152275,130162,288996,101009,305126,175355,213642,304498,78498,21464,342083,220275,750646,21679,100191
2016/01,100796,313647,486979,462367,417903,278507,188159,162666,403918,1222914,34274,3682114,201659,41507,205878,128266,112279,84405,795138,341819,42851,24817,39929,140814,148595,390924,472377,122563,140745,115700,293076,96581,290682,174782,228717,335350,83670,21464,341741,223859,780176,21227,105260
2016/02,110765,325579,502893,505986,438417,324138,188159,170321,406515,1219786,35615,3863627,203145,42365,217080,145326,113241,86714,810653,370894,42148,26439,40817,137854,153548,403716,468608,120785,136769,114629,297836,97469,292487,177647,234435,340045,83975,26002,350635,226466,803991,22325,107646
2016/03,116304,321034,507986,536124,470067,352461,193347,169683,404632,1326127,34385,4200722,214658,44688,217080,149433,109805,93066,849440,388181,41973,25748,41149,139546,158501,419578,484312,130006,143131,137984,311436,100586,306931,182232,243791,334679,78802,24002,357477,234938,881151,21937,101980
2016/04,121473,330693,511169,501228,482962,356395,174231,153098,375382,1205712,33812,3889557,210572,45648,200857,144062,103621,90468,845562,361464,41797,25628,39375,142506,155034,401669,455416,124413,142335,127786,311436,108120,296098,181085,237554,304498,68762,23771,364319,237219,873530,19643,82896
2016/05,110950,352853,502893,493297,481789,318631,170135,155649,397320,1252627,35291,4058104,207973,44638,224032,152277,109118,87196,853319,345748,40392,23405,37711,139969,160977,393994,473633,124262,145119,131985,325036,109006,308737,189108,257306,364861,66023,21387,381423,244713,847810,19450,81405
2016/06,118334,360808,495255,483780,474756,328859,172046,159066,379038,1290159,34330,4213687,197203,50445,235620,154488,108293,105385,903742,383466,41973,23585,39486,141660,165435,385295,439712,116348,151082,124786,330476,109905,304223,193693,260945,395042,72717,21694,384844,253837,833521,18803,79318
2016/07,125165,370467,495255,479022,487065,346954,174777,150229,385132,1374606,35049,4472991,206116,58322,250684,156700,103621,124634,880470,382680,43378,21962,36602,145043,172370,405762,450391,116199,156024,134385,339996,113474,317764,202862,269262,458759,68153,20925,376292,238848,864957,18190,96183
2016/08,133841,340921,498437,480608,482962,346167,191709,145180,427789,1376169,34720,4563747,199431,64129,226736,164136,103071,120303,884349,392110,42148,21932,33940,142988,172010,459489,503785,120093,156462,134985,293756,114116,331305,195223,262505,477538,66023,19844,381423,240803,884009,16736,100859
2016/09,131626,334102,495255,491711,494098,347740,200175,145811,450945,1368970,33611,4732294,207601,52010,252616,170172,107881,110679,857198,378916,42499,21332,35271,143884,168854,473816,503785,119793,156462,134385,299876,110828,328597,199415,258866,507049,67240,20226,384844,241129,897345,16542,92844
2016/10,139749,347171,543634,521055,550365,358755,200721,148336,481415,1478141,32851,4887877,205373,54030,247208,162643,112554,115491,837804,379707,41446,21061,34495,144781,168854,458465,514463,118448,157339,141584,293756,109911,331449,198217,245351,501013,72109,19920,378002,243084,1004989,15411,88168
2016/11,136057,309670,578009,532158,585532,393372,200175,142024,494821,1420957,30735,4745260,196089,49990,229440,162361,122311,110198,833925,350438,42324,17276,36713,152849,170432,506052,589215,118897,162160,138584,309396,111358,341197,201211,248989,494977,64502,18260,367739,240477,1024041,15637,79819
2016/12,129780,303420,567824,564674,564432,387864,201540,143917,471665,1459080,30559,4706364,196831,51505,232916,161120,132756,113566,787381,342527,38987,14481,36158,153746,170958,521914,605547,120694,160845,143984,312796,112345,344122,206002,240153,508391,64806,18948,355767,236241,1066907,15928,80487
2017/01,130703,303988,574190,582915,567363,398092,195532,143286,459477,1450415,39639,4810085,202773,55040,245663,167784,131931,124153,791259,337781,45309,16795,38598,155539,173062,517820,596752,119496,161722,148783,316876,112390,347046,208996,242752,596923,67240,18795,357477,242432,1014515,16057,90840
2017/02,139010,310238,589468,591639,569707,405959,191982,160960,455821,1550922,39431,4900842,206116,57817,246049,165581,125060,117416,791259,354393,51105,21970,41815,164503,177796,509122,606175,121304,163475,155982,325036,116005,357770,217380,234435,611678,69979,21927,369450,241129,1019278,16283,86832
2017/03,134026,323307,576099,570226,553296,398092,194167,154017,443633,1576915,41648,4900842,222828,54787,238324,160847,133031,114047,799017,340154,49875,22129,39042,165848,178322,506563,611828,124748,161722,153583,333196,121065,365569,221572,259906,641189,71500,25518,381423,242758,1009752,16736,80821
2017/04,129595,316488,577373,576571,543918,380784,189797,152123,468008,1712079,53633,5043459,220228,51505,241414,154514,132343,121265,791259,343208,46714,19469,37046,156883,177796,484049,608059,124598,172744,154783,329796,119158,367518,220374,272901,672712,70587,28421,381423,242107,1004989,17091,77481
2017/05,127011,341489,571007,567847,535126,389438,215468,157173,511884,1784860,51367,5263867,211687,50748,265749,154514,139902,113085,833925,363769,53037,20270,37711,157332,181479,469211,591727,123101,176056,156582,329796,128729,373367,230554,279658,637165,72717,26480,383133,249275,1028804,16445,78149
2017/06,129965,346603,590104,598777,559743,389438,208094,186209,502134,2027462,53382,5406484,213544,55292,278109,150120,150621,133777,837804,412008,54266,19644,38044,156435,185687,495818,629417,132236,177003,160782,344076,132562,388965,243729,284337,650579,74847,26861,391685,252534,1000226,16574,89838
2017/07,129226,328420,576736,602742,533368,390225,200448,175478,530166,2036127,57637,5562067,208716,57059,276564,159179,171666,117416,791259,420780,58129,21053,38377,158676,185687,479956,618110,136431,182209,155382,347475,135926,378242,244328,266143,739111,69979,30047,369450,237871,1009752,15282,86498
2017/08,128672,364785,597743,604329,556227,398092,194167,189996,475321,2036127,67958,5613927,185690,59079,265362,155073,178484,119341,814532,427898,80784,26218,46584,155315,186134,496330,618738,141077,189450,157182,329796,133787,381166,239441,262505,782036,71500,26377,369450,238522,1014515,15896,95515
2017/09,124796,357399,584375,594812,539815,384717,191709,189365,450945,1854175,74285,5613927,184204,53943,269998,148468,246070,116935,810653,461118,64100,26229,41482,154373,182268,483026,605547,136434,184867,157182,322996,130295,372392,238830,264584,721003,69675,25231,371160,236567,1009752,15702,92176
2017/10,123688,357967,585012,590053,536885,386291,191163,195677,458258,1940819,83936,6301082,193860,57488,274247,143615,242114,118859,799017,541650,63398,25506,40484,153903,182268,491725,625648,138381,186904,159315,322316,131796,376292,237609,281738,766610,67849,26301,367739,230702,1004989,17640,90840
2017/11,142470,361944,576736,599570,533368,385504,189524,193152,410726,1732874,117777,5860266,205002,56475,237552,139446,232095,122709,802896,515561,67608,24783,42037,152961,181715,501958,649518,140782,188941,165260,321636,134803,389940,235166,295253,689480,69675,23854,367739,232983,1009752,16380,83826
2017/12,154785,375013,628299,617811,603702,389438,193347,179265,405851,1649696,123749,5951022,207601,55209,239097,146778,227559,119341,822289,464956,65602,26715,42702,155785,185029,518844,672132,152015,192506,164071,327076,138308,399688,238830,295253,539243,69066,24924,367739,239500,1100248,16865,90506
2018/01,159881,397741,658854,635259,638869,391798,207275,179897,414382,1597710,135723,6612247,208716,59008,245277,158989,238281,133777,841683,472851,69213,26947,41260,160962,192209,554661,685951,160254,195562,166449,344076,146813,415286,246160,299931,537231,74543,32229,381423,247646,1181219,16930,92176
2018/02,157121,392059,658854,639224,635939,379210,177781,178634,384658,1526662,115918,6378873,205745,58755,230213,151691,245528,126078,849440,476014,61991,24159,40595,158138,190000,534194,684695,157261,197089,156343,339316,141830,416261,244328,306169,495647,76977,30709,367739,241129,1114537,17899,92844
2018/03,155210,392059,662037,647155,635939,368982,161123,195677,370722,1533593,183086,6417769,205002,66052,228281,146466,281485,130890,876591,538485,60787,24508,39818,159550,194419,513727,659569,154267,199127,157800,342716,142339,413336,247993,305649,449369,80628,28655,376292,254815,1128826,21937,87166
2018/04,173470,406832,665220,647155,641800,369769,159211,201989,348762,1436552,219913,5886196,206487,57415,208968,142630,284544,119341,876591,536952,60587,23927,38044,160962,198285,521914,672132,168502,213896,167847,356995,144343,414311,249214,304089,466807,76064,25539,374581,255466,1157404,17350,90172
2018/05,185148,415355,684317,663810,674036,371343,149380,210195,329258,1485073,333553,5808405,201659,58177,204719,141586,308466,126559,845562,491943,59583,22045,36935,165198,197733,533171,673388,168502,212877,166665,356995,147340,421135,248604,319164,549974,82453,25285,376292,248949,1157404,16316,88836
2018/06,179840,439788,716146,691568,712134,372916,146649,213982,353328,1441751,398295,5613927,206859,56399,206651,140206,257973,124153,853319,473782,52161,20907,37489,166610,196076,522937,675901,166774,216442,164301,365835,143845,427959,251658,359189,602289,83670,24533,378002,256770,1166930,17996,102195
2018/07,183786,459107,716146,673327,706273,393372,145284,221557,331335,1452148,332981,6378873,195717,62496,204333,141257,243768,127040,822289,401132,55571,21325,36824,170375,202704,518844,662081,167529,231197,164776,370595,149878,404563,257155,349833,690821,90060,24457,360898,236567,1147878,17511,117557
2018/08,216326,440924,716146,677292,720926,395732,145284,215562,349346,1394963,298056,6638177,194232,75706,203947,145896,216285,128002,841683,397184,54979,20536,37267,179788,207785,520890,660825,166034,244733,181721,350875,150802,421135,253557,348273,631129,91581,26488,366029,238522,1200271,18545,124237
2018/09,209941,452857,744792,672534,750232,401239,142826,200653,343281,1372436,196011,6806725,196089,69101,205492,158847,180295,124153,853319,392309,53926,20280,37046,185022,213557,530101,659569,170549,244192,188148,373995,153934,448431,256642,372704,487599,91885,30176,374583,237219,1409842,19417,125573
2018/10,177250,425583,642940,609880,656453,383931,116609,146607,309317,1092404,134740,6067709,170092,63004,188689,148781,159506,117416,849440,362068,51448,19839,33496,171806,201436,495818,615597,148579,221992,175293,355635,143498,402613,241219,362828,449369,83062,22651,378088,240151,1162167,15928,124237
2018/11,176228,410241,636574,589260,624216,377637,129444,143501,267785,996749,158021,5847301,161922,71895,192938,163124,189302,120784,830047,377983,52576,21000,35271,171317,202590,499400,609944,149632,225241,183474,348155,141417,398713,246154,330600,452052,79106,31828,373195,236241,1062144,19676,130916
2018/12,181847,396605,642940,598777,615425,381570,139549,139774,259152,981500,136240,5847301,149666,72658,203560,147075,170689,118378,876591,365251,53704,20443,35382,168380,202013,481491,590471,145444,217661,180552,352915,136200,393839,246771,323322,431260,86409,33558,364638,248949,1038330,21840,117223
2019/01,190786,408537,649305,605122,624216,400452,160030,141016,257858,970409,137308,5730614,175291,83074,215921,159652,186516,114529,830047,386736,53930,20768,34938,175232,212980,455907,547756,149334,231197,198666,361755,141940,403588,251707,335278,507049,96145,33859,374910,233309,1024041,23230,128578
2019/02,196149,426151,652488,609880,618355,401239,182697,142258,251604,1007839,147784,6197361,163036,90441,220942,164212,189923,109235,830047,446229,56187,21442,35382,181106,218174,465629,569113,149200,239319,203925,370595,145610,406512,256642,331120,584850,104055,36267,376941,234938,1109774,24393,129246
2019/03,210707,425015,697049,625742,656453,398092,206183,141248,241362,1018930,137960,6365908,165635,92473,223260,178963,187485,109235,849440,450213,53930,20094,35604,180617,223946,470746,564716,154146,257186,205093,381475,146655,398713,260344,315525,617044,120485,44543,382838,242107,1100248,30111,145611
2019/04,214538,417060,712963,619397,650592,392585,255066,163072,274346,1204694,130058,6715968,175291,106192,228668,174769,199699,106348,861077,469117,61151,20373,36158,181106,233181,466652,561575,148912,274513,209184,403235,146135,412361,272065,299411,623751,122615,51841,389027,246994,1090722,30047,167319
2019/05,219136,461948,703414,622569,630077,382357,276367,156404,246309,1024475,111479,6106604,161179,101619,227509,185255,188096,89505,872713,493724,54607,18886,41815,195301,241839,442603,512579,139184,296712,207431,421595,147179,408462,278851,312926,505708,101926,45069,406241,255792,1105011,21130,159638
2019/06,235226,469903,728877,623363,603702,392585,277459,163554,244614,1072995,112992,6197361,165635,116100,233303,184573,198133,89505,876591,498487,56187,21227,40151,205090,240684,469211,540218,141728,281551,217948,420235,149276,416261,281319,312406,517110,105272,53044,424824,255141,1052618,25427,161641
2019/07,228330,459107,639757,565468,556813,377637,246054,161796,218956,1089631,113875,6728934,164893,106446,222101,183882,227315,79593,837804,499960,64987,22710,46030,213412,253382,442092,512579,138885,302107,204509,436554,152409,395789,288722,311887,570095,101013,57182,380891,232983,1009752,27462,153192
2019/08,210153,435242,599016,545640,516370,364262,241684,157692,200256,1028634,97311,6715968,151523,109240,218238,186776,216333,78726,845562,584214,57992,20707,42148,201703,242846,446697,504413,136043,293392,210936,390995,142796,396764,267932,303570,521805,113183,58760,391370,238522,925923,26040,150253
2019/09,216712,425015,601562,552778,508165,361902,257523,157106,208921,1014771,105760,7053063,153380,116862,218625,191079,247400,75647,861077,586663,58669,20290,40484,216182,255019,455907,513835,138289,305012,216195,390995,147595,401638,271670,301490,596923,108315,65682,391546,236241,935449,32696,163478
2019/10,221084,427288,622569,571019,519301,368982,293844,164140,208134,1117357,135077,7740218,153380,115084,225964,211103,215135,75069,868834,648591,56412,19718,40262,237151,266583,455907,530719,142186,320117,222325,406635,150798,413336,278524,316045,599606,119268,70948,397776,237871,923065,35798,151355
2019/11,226277,411946,618750,567054,511682,368196,326069,175279,194307,1226875,141981,7908766,171206,117116,232916,209729,218824,84501,876591,670147,59681,18964,40262,229163,264148,458465,549156,145335,314307,230495,412075,151870,426009,286002,317605,594911,136002,69443,401809,238196,914492,33084,140334
2019/12,238848,421606,635301,577364,512854,376063,373040,193682,183911,1258759,188022,8582956,171949,119402,248367,211524,256327,96724,853319,705180,59681,18756,41038,226667,267800,474839,560350,145643,324184,235746,416155,154545,436733,295348,316045,670700,133264,63199,393048,234938,928781,29691,143273
2020/01,229829,412514,594560,552778,497615,363475,339723,175523,173045,1153401,166294,8297722,166378,125754,239483,203874,240076,97205,837804,616950,56552,17611,37711,214185,263540,461024,535328,139061,326508,229911,429074,150824,429909,294102,310327,644543,132655,58158,375501,223533,856384,28302,134456
2020/02,230922,415923,579282,540089,481789,361902,342454,180519,156212,1113198,176405,8194000,153009,114321,239483,206359,237637,91430,837804,572414,55590,18027,38487,231659,262323,454884,527427,137119,337546,224076,439954,151360,442582,295348,308248,594240,118964,60189,368484,215387,820185,34247,125640
2020/03,215892,372740,478067,433816,392699,298176,268174,166835,171351,969023,118108,7104924,151894,111019,232530,174867,165109,61018,833925,520742,44520,13215,30502,190220,219718,384272,464873,111085,281773,181478,386915,124720,348996,244877,294213,513756,104664,48151,350587,206263,775413,35539,95515
2020/04,236115,394900,559549,525020,444864,314697,304222,190058,174231,1067450,193024,7895801,150409,131501,250684,199047,199853,76032,849440,659376,53424,17611,37489,195712,236760,432881,525451,135638,317212,199567,409355,135914,389940,274786,320204,551315,113487,64478,377258,216364,854479,46072,125640
2020/05,232562,413651,528356,498849,422005,311550,292752,188836,204251,1050815,182904,7571671,156351,132012,270384,208158,183865,72952,857198,735641,52461,16909,36158,187724,236760,433905,527427,136087,309660,189647,418195,138579,388965,284755,307208,514427,124745,60340,377258,210825,835427,36185,132987
2020/06,233655,405128,557639,512331,443692,325712,383964,200888,245015,1196376,188928,8116209,160436,152695,274247,207237,188625,89121,907621,919949,51739,16909,36491,193216,243455,449255,551131,141627,323022,203652,420235,142312,396764,282263,308248,547962,138741,75387,387786,221578,843047,51241,122333
2020/07,246031,406264,499711,484573,395044,311550,365940,282380,253414,1086858,193282,11033377,160808,191251,315963,238366,187412,96146,849440,1114404,52943,16414,38598,189721,244672,427253,521501,129359,340568,210071,439954,142337,378242,294102,291094,513086,176468,96754,368751,205611,776366,64617,128946
2020/08,246306,378422,497801,487745,397388,313124,326069,267851,273767,1066064,165477,11059307,180491,194060,297422,234193,160540,100573,841683,884069,83746,26273,47028,189521,232029,437998,524793,127868,341825,223329,397795,144551,369468,272761,280698,454064,146043,110748,356511,199746,781129,77863,150327
2020/09,237694,355126,500347,471884,396802,321778,351193,354660,307388,1072995,174675,11227855,188290,188187,292015,224636,177871,107792,830047,965212,76286,25439,47139,180175,226887,428788,508332,127419,321718,216046,378075,139668,358745,263776,273421,450710,161560,111952,339300,198769,762077,76247,152972
2020/10,232853,348308,503530,465539,403250,319418,328800,381368,279723,1074382,176676,11201924,180119,181548,278109,223104,178809,111160,830047,1078088,90965,30428,58119,177060,221102,416508,505698,125474,305381,215439,374675,137508,351921,257358,268222,405774,162472,102623,343164,195510,748740,74632,152531
2020/11,248638,369331,542361,509159,451311,358755,350101,503107,296397,1140924,219664,12459548,184947,189464,297422,237027,224003,117416,841683,1119430,118880,38756,96940,184848,233314,453349,532036,133560,316063,231825,386915,145693,373367,273403,269262,432602,181945,135275,341056,202027,862099,116956,161788
2020/12,251003,383536,613657,570226,496442,389438,351193,585716,322664,1275395,257438,13743101,186061,199422,312487,270289,268633,134739,845562,1187817,203130,92654,117348,186406,234600,478421,556399,139251,321089,249424,405275,144601,384091,274044,277059,428577,224541,131514,347378,199420,950691,117602,175895
2021/01,235615,386377,553819,520262,453656,361115,309683,621120,341298,1545723,285288,15324855,212801,230574,311714,267260,247401,141958,837804,1391405,162913,64274,94943,171867,220459,466141,525451,133565,296584,241535,382835,136416,370443,259283,277579,394372,239753,130159,337895,195510,848763,146033,158703
2021/02,247617,381831,620660,576571,504062,389438,322792,673294,324056,1552655,295812,15713810,225799,234915,328323,280016,298820,181898,849440,1424819,199010,95724,106367,177060,233314,510657,552448,139263,317319,257921,397115,141327,389940,267626,272381,441991,288434,146711,341056,201375,952596,193203,163993
2021/03,278808,414787,642940,632880,513440,407533,321153,623605,302448,1719011,275883,15221133,276678,252278,378537,273515,284615,202590,864955,1540943,239755,125620,122228,182252,239742,581269,631464,157286,328001,273092,433834,146242,430883,284955,282777,430589,349894,137683,344920,208870,922113,228742,171928
2021/04,315628,426719,674769,699499,532782,618380,329892,704327,311902,1608107,270894,15558228,279278,271684,380082,275060,283686,319044,884349,1884447,416278,265902,210073,185887,244241,656997,688750,195618,338683,315573,444034,153882,444531,293940,281738,417175,379711,173044,351242,212128,985937,205804,182949
2021/05,312599,418196,658854,669361,501718,581403,311322,658366,290161,1573449,251936,15480437,293390,254832,346478,254586,253645,248787,880470,1582384,519557,341541,321653,174983,234600,739890,736159,186624,321089,310718,450154,161522,449406,282388,274980,406444,324945,169282,352998,209847,952596,213558,212485
2021/06,312303,415923,655671,659844,496442,623100,335354,659676,263632,1552655,276881,15428576,275935,257896,337980,266592,246835,217989,884349,1529903,1041983,608109,712073,167713,237171,756263,709820,197135,330515,325890,446754,166433,442582,291373,273421,415834,303647,194110,358267,210499,1014515,251681,215571
2021/07,322100,415923,635301,689982,481789,571962,322246,718065,246801,1524929,279375,15039620,260709,300283,298581,281331,223919,198741,892106,1447220,698182,408576,495789,171867,248097,767520,715088,211458,333028,308291,450154,184986,445506,292014,291614,393030,310949,219691,365296,197465,926876,256528,203668
2021/08,296687,410810,652488,710602,492926,600285,318422,783908,239592,1538792,237793,15921253,240654,282919,302830,298559,205656,169387,868834,1440458,719339,466196,550138,173061,268665,869856,784885,213069,355232,303436,446074,211178,448431,296879,296812,359495,273221,221948,354796,200724,931639,272359,190443
2021/09,312334,388082,722512,725670,491754,571175,319515,795089,249128,1455614,219444,15039620,241768,253044,299354,282445,204116,169868,857198,1446895,666647,417306,496566,172537,269161,905441,762497,213072,351226,299795,435874,206510,446481,292342,291094,293767,249490,198625,347487,200398,944975,281082,189561
2021/10,295533,378422,684317,674913,471825,528691,334262,720550,239540,1483340,215229,15298924,262194,254832,301285,280996,205985,184786,857198,1459676,526439,336988,390420,172013,268501,868845,765131,213117,354565,299795,454234,208221,452330,296879,292134,277670,252836,285899,344922,199420,952596,316944,190443
2021/11,281751,371604,652488,654293,457759,512170,330984,795183,211254,1434820,226387,15454506,261823,283430,331800,295728,229798,193447,868834,1614853,658710,403338,381880,172013,266522,862943,790153,246135,359906,287657,465114,212215,475727,299472,279658,266939,283262,336359,341366,200398,908777,404499,179422
2021/12,294011,389786,662037,677292,473584,556227,335354,811411,219130,1441751,237793,15947184,279278,296197,365791,307075,241879,220395,903743,1902668,753946,422545,484365,178306,279716,900719,823076,300874,374597,307077,483474,216208,505947,317622,284337,330655,327987,340785,351923,210499,913540,369606,204109
